Topic,Audience,Title,Format,Date,Year,Month,MediaType,FileType,Publisher,Link,PropertyType,Author,Source,PublicationTitle,Neighborhood,City,County,State,city_state,latitude,longitude,geo_accuracy,Country,Description,Descrtiption Length,Rights,Language,Tags
Maintenance and Rehabilitation,General,"Carnegie Place Apartments, Sioux City, Iowa",,,1999,,Publication,PDF,"National Park Service, Technical Preservation Services",https://www.nps.gov/tps/tax-incentives/taxdocs/Affordable-Housing-Carnegie-Apts.pdf,,,,Case Studies in Affordable Housing Through Historic Preservation,,,,,,,,,United States,,,,English,
Maintenance and Rehabilitation,General,"Northern Hotel, Fort Collins, Colorado",,,2006,,Publication,PDF,"National Park Service, Technical Preservation Services",https://www.nps.gov/tps/tax-incentives/taxdocs/Affordable-Housing-Northern-Hotel.pdf,,,,Case Studies in Affordable Housing Through Historic Preservation,,,,,,,,,United States,,,,English,
Maintenance and Rehabilitation,General,"Pacific Hotel, Seattle, Washington",,,1998,,Publication,PDF,"National Park Service, Technical Preservation Services",https://www.nps.gov/tps/tax-incentives/taxdocs/Affordable-Housing-Pacific-Hotel.pdf,,,,Case Studies in Affordable Housing Through Historic Preservation,,,,,,,,,United States,,,,English,
Maintenance and Rehabilitation,General,"Shelly School Apartments, West York, Pennsylvania",,,2005,,Publication,PDF,"National Park Service, Technical Preservation Services",https://www.nps.gov/tps/tax-incentives/taxdocs/Affordable-Housing-Shelly-School.pdf,,,,Case Studies in Affordable Housing Through Historic Preservation,,,,,,,,,United States,,,,English,
Maintenance and Rehabilitation,General,"Van Allen Apartments, Clinton, Iowa",,,2006,,Publication,PDF,"National Park Service, Technical Preservation Services",https://www.nps.gov/tps/tax-incentives/taxdocs/Affordable-Housing-Van-Allen.pdf,,,,Case Studies in Affordable Housing Through Historic Preservation,,,,,,,,,United States,,,,English,
"Research, Documentation and Designation",General,The Historic Columbia River Gorge,,,,,,HTML,"National Park Service, Technical Preservation Services",https://www.nps.gov/tps/how-to-preserve/currents/columbia/index.htm,,,,Cultural Landscape Currents,,,,,,,,,United States,,,,English,
"Research, Documentation and Designation",General,Sustainable Military Earthworks Management,,,,,,HTML,"National Park Service, Technical Preservation Services",https://www.nps.gov/tps/how-to-preserve/currents/earthworks/index.htm,,,,Cultural Landscape Currents,,,,,,,,,United States,,,,English,
"Research, Documentation and Designation",General,The Benjamin Franklin Parkway,,,,,,HTML,"National Park Service, Technical Preservation Services",https://www.nps.gov/tps/how-to-preserve/currents/franklinpark/index.htm,,,,Cultural Landscape Currents,,,,,,,,,United States,,,,English,
"Research, Documentation and Designation",General,New Deal Roadside Landscape Features,,,,,,HTML,"National Park Service, Technical Preservation Services",https://www.nps.gov/tps/how-to-preserve/currents/newdeal/index.htm,,,,Cultural Landscape Currents,,,,,,,,,United States,,,,English,
"Research, Documentation and Designation",General,The Reynolda Gardens,,,,,,HTML,"National Park Service, Technical Preservation Services",https://www.nps.gov/tps/how-to-preserve/currents/reynolda/index.htm,,,,Cultural Landscape Currents,,,,,,,,,United States,,,,English,
"Research, Documentation and Designation",General,Revealing the Story of Virginius Island,,,,,,HTML,"National Park Service, Technical Preservation Services",https://www.nps.gov/tps/how-to-preserve/currents/virginius/index.htm,,,,Cultural Landscape Currents,,,,,,,,,United States,,,,English,
Maintenance and Rehabilitation,General,The Secretary of the Interior's Standards for Rehabilitation (36 CFR 67),,,,,Publication,HTML,"National Park Service, Technical Preservation Services",https://www.nps.gov/tps/standards/rehabilitation.htm,,,,Historic Preservation Tax Incentives,,,,,,,,,United States,,,,English,
Maintenance and Rehabilitation,General,Introduction to Federal Tax Credits for Rehabilitating Historic Buildings—Barns,,,,,Publication,PDF,"National Park Service, Technical Preservation Services",https://www.nps.gov/tps/tax-incentives/taxdocs/intro-barns.pdf,,,,Historic Preservation Tax Incentives,,,,,,,,,United States,,,,English,
Maintenance and Rehabilitation,General,Introduction to Federal Tax Credits for Rehabilitating Historic Buildings—Main Street Commercial Buildings,,,,,Publication,PDF,"National Park Service, Technical Preservation Services",https://www.nps.gov/tps/tax-incentives/taxdocs/intro-main-street.pdf,,,,Historic Preservation Tax Incentives,,,,,,,,,United States,,,,English,
Maintenance and Rehabilitation,General,Introduction to Federal Tax Credits for Rehabilitating Historic Buildings—Rowhouses,,,,,Publication,PDF,"National Park Service, Technical Preservation Services",https://www.nps.gov/tps/tax-incentives/taxdocs/intro-rowhouses.pdf,,,,Historic Preservation Tax Incentives,,,,,,,,,United States,,,,English,
Maintenance and Rehabilitation,General,Introduction to Federal Tax Credits for Rehabilitating Historic Buildings—Wood Frame Buildings,,,,,Publication,PDF,"National Park Service, Technical Preservation Services",https://www.nps.gov/tps/tax-incentives/taxdocs/intro-wood-frame.pdf,,,,Historic Preservation Tax Incentives,,,,,,,,,United States,,,,English,
Maintenance and Rehabilitation,General,Interior Plan: Changes to Shotgun Interior Plan,,,,,Publication,PDF,"National Park Service, Technical Preservation Services",https://www.nps.gov/tps/standards/applying-rehabilitation/its-bulletins/ITS01-Shotgun-InteriorPlan.pdf,,,,Interpreting the Standards Bulletins,,,,,,,,,United States,,,,English,
Maintenance and Rehabilitation,General,Garage Door Openings: New Infill for Historic Garage Openings,,,,,Publication,PDF,"National Park Service, Technical Preservation Services",https://www.nps.gov/tps/standards/applying-rehabilitation/its-bulletins/ITS02-Garage-Infill.pdf,,,,Interpreting the Standards Bulletins,,,,,,,,,United States,,,,English,
Maintenance and Rehabilitation,General,New Additions: New Additions to Mid-Size Historic Buildings,,,,,Publication,PDF,"National Park Service, Technical Preservation Services",https://www.nps.gov/tps/standards/applying-rehabilitation/its-bulletins/ITS03-Additions-MidSizeBuildings.pdf,,,,Interpreting the Standards Bulletins,,,,,,,,,United States,,,,English,
Maintenance and Rehabilitation,General,Exterior Doors: Inappropriate Replacement Doors,,,,,Publication,PDF,"National Park Service, Technical Preservation Services",https://www.nps.gov/tps/standards/applying-rehabilitation/its-bulletins/ITS04-Doors-Replacement.pdf,,,,Interpreting the Standards Bulletins,,,,,,,,,United States,,,,English,
Maintenance and Rehabilitation,General,Exposed Interior Brick: Removing Interior Plaster to Expose Brick,,,,,Publication,PDF,"National Park Service, Technical Preservation Services",https://www.nps.gov/tps/standards/applying-rehabilitation/its-bulletins/ITS05-ExposedBrick.pdf,,,,Interpreting the Standards Bulletins,,,,,,,,,United States,,,,English,
Maintenance and Rehabilitation,General,Significant Spaces: Preserving Historic Church Interiors,,,,,Publication,PDF,"National Park Service, Technical Preservation Services",https://www.nps.gov/tps/standards/applying-rehabilitation/its-bulletins/ITS06-ChurchInteriors.pdf,,,,Interpreting the Standards Bulletins,,,,,,,,,United States,,,,English,
Maintenance and Rehabilitation,General,Interior Finishes: Painting Previously Unpainted Woodwork,,,,,Publication,PDF,"National Park Service, Technical Preservation Services",https://www.nps.gov/tps/standards/applying-rehabilitation/its-bulletins/ITS07-UnpaintedWoodwork.pdf,,,,Interpreting the Standards Bulletins,,,,,,,,,United States,,,,English,
Maintenance and Rehabilitation,General,Interior Alterations: Interior Alterations to Detached Residences to Accommodate New Functions,,,,,Publication,PDF,"National Park Service, Technical Preservation Services",https://www.nps.gov/tps/standards/applying-rehabilitation/its-bulletins/ITS08-DetachedResidences.pdf,,,,Interpreting the Standards Bulletins,,,,,,,,,United States,,,,English,
Maintenance and Rehabilitation,General,Porches: Inappropriate Porch Alterations,,,,,Publication,PDF,"National Park Service, Technical Preservation Services",https://www.nps.gov/tps/standards/applying-rehabilitation/its-bulletins/ITS09-Porch-Alterations.pdf,,,,Interpreting the Standards Bulletins,,,,,,,,,United States,,,,English,
Maintenance and Rehabilitation,General,Stair Tower Additions: Exterior Stair/Elevator Tower Additions,,,,,Publication,PDF,"National Park Service, Technical Preservation Services",https://www.nps.gov/tps/standards/applying-rehabilitation/its-bulletins/ITS10-StairTowers.pdf,,,,Interpreting the Standards Bulletins,,,,,,,,,United States,,,,English,
Maintenance and Rehabilitation,General,School Buildings: Interior Alterations to School Buildings to Accommodate New Uses,,,,,Publication,PDF,"National Park Service, Technical Preservation Services",https://www.nps.gov/tps/standards/applying-rehabilitation/its-bulletins/ITS11-Schools-InteriorAlterations.pdf,,,,Interpreting the Standards Bulletins,,,,,,,,,United States,,,,English,
Maintenance and Rehabilitation,General,School Buildings: Rehabilitation and Adaptive Reuse of Schools,,,,,Publication,PDF,"National Park Service, Technical Preservation Services",https://www.nps.gov/tps/standards/applying-rehabilitation/its-bulletins/ITS12-Schools-AdaptiveUse.pdf,,,,Interpreting the Standards Bulletins,,,,,,,,,United States,,,,English,
Maintenance and Rehabilitation,General,Storefronts: Repair/Replacement of Missing or Altered Storefronts,,,,,Publication,PDF,"National Park Service, Technical Preservation Services",https://www.nps.gov/tps/standards/applying-rehabilitation/its-bulletins/ITS13-Storefronts-Repair.pdf,,,,Interpreting the Standards Bulletins,,,,,,,,,United States,,,,English,
Maintenance and Rehabilitation,General,Adding New Openings: New Openings in Secondary Elevations or Introducing New Windows in Blank Walls,,,,,Publication,PDF,"National Park Service, Technical Preservation Services",https://www.nps.gov/tps/standards/applying-rehabilitation/its-bulletins/ITS14-Adding-NewOpenings.pdf,,,,Interpreting the Standards Bulletins,,,,,,,,,United States,,,,English,
Maintenance and Rehabilitation,General,Industrial Interiors: Treatment of Interiors in Industrial Buildings,,,,,Publication,PDF,"National Park Service, Technical Preservation Services",https://www.nps.gov/tps/standards/applying-rehabilitation/its-bulletins/ITS15-IndustrialInteriors.pdf,,,,Interpreting the Standards Bulletins,,,,,,,,,United States,,,,English,
Maintenance and Rehabilitation,General,Loading Door Openings: New Infill for Historic Loading Door Openings,,,,,Publication,PDF,"National Park Service, Technical Preservation Services",https://www.nps.gov/tps/standards/applying-rehabilitation/its-bulletins/ITS16-LoadingDoor.pdf,,,,Interpreting the Standards Bulletins,,,,,,,,,United States,,,,English,
Maintenance and Rehabilitation,General,Interior Parking: Adding Parking to the Interior of Historic Buildings,,,,,Publication,PDF,"National Park Service, Technical Preservation Services",https://www.nps.gov/tps/standards/applying-rehabilitation/its-bulletins/ITS17-AddingParking-Interior.pdf,,,,Interpreting the Standards Bulletins,,,,,,,,,United States,,,,English,
Maintenance and Rehabilitation,General,New Additions: New Additions to Mid Size Historic Buildings,,,,,Publication,PDF,"National Park Service, Technical Preservation Services",https://www.nps.gov/tps/standards/applying-rehabilitation/its-bulletins/ITS18-Additions-MidSizeBuildings.pdf,,,,Interpreting the Standards Bulletins,,,,,,,,,United States,,,,English,
Maintenance and Rehabilitation,General,Interior Finishes: Deteriorated Plaster Finishes,,,2001,,Publication,PDF,"National Park Service, Technical Preservation Services",https://www.nps.gov/tps/standards/applying-rehabilitation/its-bulletins/ITS19-DeterioratedPlaster.pdf,,,,Interpreting the Standards Bulletins,,,,,,,,,United States,,,,English,
Maintenance and Rehabilitation,General,School Buildings: Converting Historic School Buildings for Residential Use,,,,,Publication,PDF,"National Park Service, Technical Preservation Services",https://www.nps.gov/tps/standards/applying-rehabilitation/its-bulletins/ITS20-Schools-Conversing.pdf,,,,Interpreting the Standards Bulletins,,,,,,,,,United States,,,,English,
Maintenance and Rehabilitation,General,Adding New Openings: Adding New Openings on Secondary Elevations,,,,,Publication,PDF,"National Park Service, Technical Preservation Services",https://www.nps.gov/tps/standards/applying-rehabilitation/its-bulletins/ITS21-NewOpenings-SecondaryElevations.pdf,,,,Interpreting the Standards Bulletins,,,,,,,,,United States,,,,English,
Maintenance and Rehabilitation,General,Adding New Openings: Adding New Entrances to Historic Buildings,,,,,Publication,PDF,"National Park Service, Technical Preservation Services",https://www.nps.gov/tps/standards/applying-rehabilitation/its-bulletins/ITS22-NewEntrances.pdf,,,,Interpreting the Standards Bulletins,,,,,,,,,United States,,,,English,
Maintenance and Rehabilitation,General,Windows: Selecting New Windows to Replace Non-Historic Windows,,,,,Publication,PDF,"National Park Service, Technical Preservation Services",https://www.nps.gov/tps/standards/applying-rehabilitation/its-bulletins/ITS23-ReplaceWindows.pdf,,,,Interpreting the Standards Bulletins,,,,,,,,,United States,,,,English,
Maintenance and Rehabilitation,General,Corridors: Installing New Systems in Historic Corridors,,,,,Publication,PDF,"National Park Service, Technical Preservation Services",https://www.nps.gov/tps/standards/applying-rehabilitation/its-bulletins/ITS24-Corridors-NewSystems.pdf,,,,Interpreting the Standards Bulletins,,,,,,,,,United States,,,,English,
Maintenance and Rehabilitation,General,Interior Finishes: Altering the Character of Historically Finished Interiors,,,,,Publication,PDF,"National Park Service, Technical Preservation Services",https://www.nps.gov/tps/standards/applying-rehabilitation/its-bulletins/ITS25-FinishedInteriors.pdf,,,,Interpreting the Standards Bulletins,,,,,,,,,United States,,,,English,
Maintenance and Rehabilitation,General,Entrances and Doors: Entrance Treatments,,,,,Publication,PDF,"National Park Service, Technical Preservation Services",https://www.nps.gov/tps/standards/applying-rehabilitation/its-bulletins/ITS26-Entrance-Treatment.pdf,,,,Interpreting the Standards Bulletins,,,,,,,,,United States,,,,English,
Maintenance and Rehabilitation,General,Awnings: Adding Awnings to Historic Storefronts and Entrances,,,,,Publication,PDF,"National Park Service, Technical Preservation Services",https://www.nps.gov/tps/standards/applying-rehabilitation/its-bulletins/ITS27-Storefronts-AddingAwnings.pdf,,,,Interpreting the Standards Bulletins,,,,,,,,,United States,,,,English,
Maintenance and Rehabilitation,General,Corridors: Corridors in Historic Highrise Apartment Buildings and Hotels,,,,,Publication,PDF,"National Park Service, Technical Preservation Services",https://www.nps.gov/tps/standards/applying-rehabilitation/its-bulletins/ITS28-Highrise-Corridors.pdf,,,,Interpreting the Standards Bulletins,,,,,,,,,United States,,,,English,
Maintenance and Rehabilitation,General,Garage Doors: Adding Vehicular Entrances and Garage Doors to Historic Buildings,,,,,Publication,PDF,"National Park Service, Technical Preservation Services",https://www.nps.gov/tps/standards/applying-rehabilitation/its-bulletins/ITS29-NewVehicularEntrances.pdf,,,,Interpreting the Standards Bulletins,,,,,,,,,United States,,,,English,
Maintenance and Rehabilitation,General,New Entries: New Entries on Mill Buildings,,,,,Publication,PDF,"National Park Service, Technical Preservation Services",https://www.nps.gov/tps/standards/applying-rehabilitation/its-bulletins/ITS30-NewEntries-MillBuildings.pdf,,,,Interpreting the Standards Bulletins,,,,,,,,,United States,,,,English,
Maintenance and Rehabilitation,General,Interior Features: Retaining Distinctive Corridor Features,,,,,Publication,PDF,"National Park Service, Technical Preservation Services",https://www.nps.gov/tps/standards/applying-rehabilitation/its-bulletins/ITS31-Corridor-Features.pdf,,,,Interpreting the Standards Bulletins,,,,,,,,,United States,,,,English,
Maintenance and Rehabilitation,General,Roofing Materials: Slate Roof Treatments,,,,,Publication,PDF,"National Park Service, Technical Preservation Services",https://www.nps.gov/tps/standards/applying-rehabilitation/its-bulletins/ITS32-SlateRoof-Treatment.pdf,,,,Interpreting the Standards Bulletins,,,,,,,,,United States,,,,English,
Maintenance and Rehabilitation,General,Secondary Elevations: Alterations to Rear Elevations,,,,,Publication,PDF,"National Park Service, Technical Preservation Services",https://www.nps.gov/tps/standards/applying-rehabilitation/its-bulletins/ITS33-RearElevation-Alterations.pdf,,,,Interpreting the Standards Bulletins,,,,,,,,,United States,,,,English,
Maintenance and Rehabilitation,General,Additions: Completing Never-Built Portions of a Historic Building,,,,,Publication,PDF,"National Park Service, Technical Preservation Services",https://www.nps.gov/tps/standards/applying-rehabilitation/its-bulletins/ITS34-Completing-NeverBuilt.pdf,,,,Interpreting the Standards Bulletins,,,,,,,,,United States,,,,English,
Maintenance and Rehabilitation,General,Interior Plans: Changes to Shotgun Interior Plan,,,,,Publication,PDF,"National Park Service, Technical Preservation Services",https://www.nps.gov/tps/standards/applying-rehabilitation/its-bulletins/ITS35-Shotgun-InteriorChanges.pdf,,,,Interpreting the Standards Bulletins,,,,,,,,,United States,,,,English,
Maintenance and Rehabilitation,General,Rooftop Additions,,,,,Publication,PDF,"National Park Service, Technical Preservation Services",https://www.nps.gov/tps/standards/applying-rehabilitation/its-bulletins/ITS36-Rooftop-Additions.pdf,,,,Interpreting the Standards Bulletins,,,,,,,,,United States,,,,English,
Maintenance and Rehabilitation,General,Rear Additions: Rear Additions to Historic Houses,,,,,Publication,PDF,"National Park Service, Technical Preservation Services",https://www.nps.gov/tps/standards/applying-rehabilitation/its-bulletins/ITS37-Houses-RearAdditions.pdf,,,,Interpreting the Standards Bulletins,,,,,,,,,United States,,,,English,
Maintenance and Rehabilitation,General,Alterations Without Historical Basis (38),,,,,Publication,PDF,"National Park Service, Technical Preservation Services",https://www.nps.gov/tps/standards/applying-rehabilitation/its-bulletins/ITS38-Alterations-NoHistorical.pdf,,,,Interpreting the Standards Bulletins,,,,,,,,,United States,,,,English,
Maintenance and Rehabilitation,General,Site and Setting: Changes to Historic Site,,,,,Publication,PDF,"National Park Service, Technical Preservation Services",https://www.nps.gov/tps/standards/applying-rehabilitation/its-bulletins/ITS39-HistoricSite-Changes.pdf,,,,Interpreting the Standards Bulletins,,,,,,,,,United States,,,,English,
Maintenance and Rehabilitation,General,Corridors: Corridors in Historic School Buildings,,,,,Publication,PDF,"National Park Service, Technical Preservation Services",https://www.nps.gov/tps/standards/applying-rehabilitation/its-bulletins/ITS40-Schools-Corridors.pdf,,,,Interpreting the Standards Bulletins,,,,,,,,,United States,,,,English,
Maintenance and Rehabilitation,General,Incompatible Alterations to the Setting and Environment of a Historic Property,,,,,Publication,PDF,"National Park Service, Technical Preservation Services",https://www.nps.gov/tps/standards/applying-rehabilitation/its-bulletins/ITS41-Environment-Changes.pdf,,,,Interpreting the Standards Bulletins,,,,,,,,,United States,,,,English,
Maintenance and Rehabilitation,General,Industrial Bridges in Mill Complexes,,,,,Publication,PDF,"National Park Service, Technical Preservation Services",https://www.nps.gov/tps/standards/applying-rehabilitation/its-bulletins/ITS42-Bridges-MillComplexes.pdf,,,,Interpreting the Standards Bulletins,,,,,,,,,United States,,,,English,
Maintenance and Rehabilitation,General,Converting Fire Escapes to Balconies in Mill Complexes,,,,,Publication,PDF,"National Park Service, Technical Preservation Services",https://www.nps.gov/tps/standards/applying-rehabilitation/its-bulletins/ITS43-Balconies-MillComplexes.pdf,,,,Interpreting the Standards Bulletins,,,,,,,,,United States,,,,English,
Maintenance and Rehabilitation,General,Subdividing Significant Historic Interior Spaces,,,,,Publication,PDF,"National Park Service, Technical Preservation Services",https://www.nps.gov/tps/standards/applying-rehabilitation/its-bulletins/ITS44-Subdividing-InteriorSpace.pdf,,,,Interpreting the Standards Bulletins,,,,,,,,,United States,,,,English,
Maintenance and Rehabilitation,General,Adding or Modifying Fly Lofts on Historic Theaters,,,,,Publication,PDF,"National Park Service, Technical Preservation Services",https://www.nps.gov/tps/standards/applying-rehabilitation/its-bulletins/ITS45-Theaters-Lofts.pdf,,,,Interpreting the Standards Bulletins,,,,,,,,,United States,,,,English,
Maintenance and Rehabilitation,General,Modifying Historic Interior Railings to Meet Building Code,,,,,Publication,PDF,"National Park Service, Technical Preservation Services",https://www.nps.gov/tps/standards/applying-rehabilitation/its-bulletins/ITS46-InteriorRailing-Modifying.pdf,,,,Interpreting the Standards Bulletins,,,,,,,,,United States,,,,English,
Maintenance and Rehabilitation,General,Rooftop Additions on Mid-Size Historic Buildings,,,,,Publication,PDF,"National Park Service, Technical Preservation Services",https://www.nps.gov/tps/standards/applying-rehabilitation/its-bulletins/ITS47-RooftopAdditions-MidSizeBuildings.pdf,,,,Interpreting the Standards Bulletins,,,,,,,,,United States,,,,English,
Maintenance and Rehabilitation,General,Replacement of Missing or Altered Storefronts,,,,,Publication,PDF,"National Park Service, Technical Preservation Services",https://www.nps.gov/tps/standards/applying-rehabilitation/its-bulletins/ITS48-Storefronts-Replacement.pdf,,,,Interpreting the Standards Bulletins,,,,,,,,,United States,,,,English,
Maintenance and Rehabilitation,General,Designing Compatible Replacement Storefronts,,,,,Publication,PDF,"National Park Service, Technical Preservation Services",https://www.nps.gov/tps/standards/applying-rehabilitation/its-bulletins/ITS49-Storefronts-Compatible.pdf,,,,Interpreting the Standards Bulletins,,,,,,,,,United States,,,,English,
Maintenance and Rehabilitation,General,Reusing Special Use Structures,,,,,Publication,PDF,"National Park Service, Technical Preservation Services",https://www.nps.gov/tps/standards/applying-rehabilitation/its-bulletins/ITS50-SpecialUse.pdf,,,,Interpreting the Standards Bulletins,,,,,,,,,United States,,,,English,
Maintenance and Rehabilitation,General,Installing New Systems in Historic Buildings,,,,,Publication,PDF,"National Park Service, Technical Preservation Services",https://www.nps.gov/tps/standards/applying-rehabilitation/its-bulletins/ITS51-HistoricBuilding-NewSystems.pdf,,,,Interpreting the Standards Bulletins,,,,,,,,,United States,,,,English,
Maintenance and Rehabilitation,General,Incorporating Solar Panels in a Rehabilitation Project,,,,,Publication,PDF,"National Park Service, Technical Preservation Services",https://www.nps.gov/tps/standards/applying-rehabilitation/its-bulletins/ITS52-SolarPanels.pdf,,,,Interpreting the Standards Bulletins,,,,,,,,,United States,,,,English,
Maintenance and Rehabilitation,General,Designing New Additions to Provide Accessibility,,,,,Publication,PDF,"National Park Service, Technical Preservation Services",https://www.nps.gov/tps/standards/applying-rehabilitation/its-bulletins/ITS53-Additions-Accessibility.pdf,,,,Interpreting the Standards Bulletins,,,,,,,,,United States,,,,English,
Maintenance and Rehabilitation,General,Installing Green Roofs on Historic Buildings,,,,,Publication,PDF,"National Park Service, Technical Preservation Services",https://www.nps.gov/tps/standards/applying-rehabilitation/its-bulletins/ITS54-GreenRoofs.pdf,,,,Interpreting the Standards Bulletins,,,,,,,,,United States,,,,English,
Maintenance and Rehabilitation,General,Retaining Industrial Character in Historic Buildings,,,,,Publication,PDF,"National Park Service, Technical Preservation Services",https://www.nps.gov/tps/standards/applying-rehabilitation/its-bulletins/ITS55-IndustrialCharacter.pdf,,,,Interpreting the Standards Bulletins,,,,,,,,,United States,,,,English,
Maintenance and Rehabilitation,General,Alterations Without Historical Basis,,,,,Publication,PDF,"National Park Service, Technical Preservation Services",https://www.nps.gov/tps/standards/applying-rehabilitation/its-bulletins/ITS56-Alterations-NoHistorical.pdf,,,,Interpreting the Standards Bulletins,,,,,,,,,United States,,,,English,
,General,GIS Map Guidance,,,,,Publication,PDF,"National Park Service, National Register of Historic Places Program",https://www.nps.gov/Nr/publications/bulletins/GIS_maps/GIS_Guidance_2013_05_15.pdf,,,,National Register Bulletins,,,,,,,,,United States,,,,English,Technical Assistance for Preparing Nominations
"Research, Documentation and Designation",General,National Register of Historic Places Overview Poster,,,,,Publication,PDF,"National Park Service, National Register of Historic Places Program",https://www.nps.gov/Nr/publications/bulletins/NR_Brochure_Poster/NR_Brochure_Poster.pdf,,,,National Register Bulletins,,,,,,,,,United States,,,,English,
,General,25 Simple Things you can do to Promote the Public Benefits of Archaeology,,,,,Publication,PDF,"National Park Service, National Register of Historic Places Program",https://www.nps.gov/Nr/publications/bulletins/pdfs/25simple.pdf,,,,National Register Bulletins,,,,,,,,,United States,,,,English,
,General,"Defining Boundaries for National Register Properties (with Appendix, Definition of National Register Boundaries for Archeological Properties",,,,,Publication,PDF,"National Park Service, National Register of Historic Places Program",https://www.nps.gov/Nr/publications/bulletins/pdfs/Boundary.pdf,,,,National Register Bulletins,,,,,,,,,United States,,,,English,Technical Assistance for Preparing Nominations
,General,Telling the Stories: Planning Effective Interpretive Programs for Places Listed in the National Register of Historic Places,,,,,Publication,PDF,"National Park Service, National Register of Historic Places Program",https://www.nps.gov/Nr/publications/bulletins/pdfs/interp.pdf,,,,National Register Bulletins,,,,,,,,,United States,,,,English,Technical Assistance for Preparing Nominations
"Research, Documentation and Designation",General,"My Property is Important to America's Heritage, What Does that Mean: Answers to Questions for Owners of Historic Properties",,,,,Publication,PDF,"National Park Service, National Register of Historic Places Program",https://www.nps.gov/Nr/publications/bulletins/pdfs/MyProp.pdf,,,,National Register Bulletins,,,,,,,,,United States,,,,English,
"Research, Documentation and Designation",General,How to Prepare National Historic Landmark Nominations,,,,,Publication,PDF,"National Park Service, National Register of Historic Places Program",https://www.nps.gov/Nr/publications/bulletins/pdfs/NHLS.pdf,,,,National Register Bulletins,,,,,,,,,United States,,,,English,The Basics
"Research, Documentation and Designation",General,How to Apply National Register Criteria to Post Offices,,,,,Publication,PDF,"National Park Service, National Register of Historic Places Program",https://www.nps.gov/Nr/publications/bulletins/pdfs/NRB13.pdf,,,,National Register Bulletins,,,,,,,,,United States,,,,English,Property Types
"Research, Documentation and Designation",General,How to Apply the National Register Criteria for Evaluation,,,,,Publication,PDF,"National Park Service, National Register of Historic Places Program",https://www.nps.gov/Nr/publications/bulletins/pdfs/nrb15.pdf,,,,National Register Bulletins,,,,,,,,,United States,,,,English,The Basics
"Research, Documentation and Designation",General,How to Complete the National Register Registration Form,,,,,Publication,PDF,"National Park Service, National Register of Historic Places Program",https://www.nps.gov/Nr/publications/bulletins/pdfs/nrb16a.pdf,,,,National Register Bulletins,,,,,,,,,United States,,,,English,The Basics
"Research, Documentation and Designation",General,How to Complete the National Register Multiple Property Documentation Form,,,,,Publication,PDF,"National Park Service, National Register of Historic Places Program",https://www.nps.gov/Nr/publications/bulletins/pdfs/nrb16b.pdf,,,,National Register Bulletins,,,,,,,,,United States,,,,English,The Basics
"Research, Documentation and Designation",General,How to Evaluate and Nominate Designed Historic Landscapes,,,,,Publication,PDF,"National Park Service, National Register of Historic Places Program",https://www.nps.gov/Nr/publications/bulletins/pdfs/nrb18.pdf,,,,National Register Bulletins,,,,,,,,,United States,,,,English,Property Types
"Research, Documentation and Designation",General,Nominating Historic Vessels and Shipwrecks to the National Register of Historic Places,,,,,Publication,PDF,"National Park Service, National Register of Historic Places Program",https://www.nps.gov/Nr/publications/bulletins/pdfs/nrb20.pdf,,,,National Register Bulletins,,,,,,,,,United States,,,,English,Property Types
"Research, Documentation and Designation",General,Guidelines for Evaluating and Nominating Properties That Have Achieved Significance Within the Past Fifty Years,,,,,Publication,PDF,"National Park Service, National Register of Historic Places Program",https://www.nps.gov/Nr/publications/bulletins/pdfs/nrb22.pdf,,,,National Register Bulletins,,,,,,,,,United States,,,,English,Property Types
"Research, Documentation and Designation",General,How to Improve the Quality of Photographs for National Register Nominations,,,,,Publication,PDF,"National Park Service, National Register of Historic Places Program",https://www.nps.gov/Nr/publications/bulletins/pdfs/nrb23.pdf,,,,National Register Bulletins,,,,,,,,,United States,,,,English,Technical Assistance for Preparing Nominations
"Research, Documentation and Designation",General,Guidelines for Local Surveys: A Basis for Preservation Planning,,,,,Publication,PDF,"National Park Service, National Register of Historic Places Program",https://www.nps.gov/Nr/publications/bulletins/pdfs/nrb24.pdf,,,,National Register Bulletins,,,,,,,,,United States,,,,English,General Guidance
"Research, Documentation and Designation",General,Using the UTM Grid System to Record Historic Sites,,,,,Publication,PDF,"National Park Service, National Register of Historic Places Program",https://www.nps.gov/Nr/publications/bulletins/pdfs/NRB28.pdf,,,,National Register Bulletins,,,,,,,,,United States,,,,English,Technical Assistance for Preparing Nominations
"Research, Documentation and Designation",General,Guidelines for Evaluating and Documenting Rural Historic Landscapes,,,,,Publication,PDF,"National Park Service, National Register of Historic Places Program",https://www.nps.gov/Nr/publications/bulletins/pdfs/nrb30.pdf,,,,National Register Bulletins,,,,,,,,,United States,,,,English,Property Types
"Research, Documentation and Designation",General,Guidelines for Evaluating and Documenting Properties Associated with Significant Persons,,,,,Publication,PDF,"National Park Service, National Register of Historic Places Program",https://www.nps.gov/Nr/publications/bulletins/pdfs/nrb32.pdf,,,,National Register Bulletins,,,,,,,,,United States,,,,English,Property Types
"Research, Documentation and Designation",General,Guidelines for Evaluating and Nominating Aids to Navigation,,,,,Publication,PDF,"National Park Service, National Register of Historic Places Program",https://www.nps.gov/Nr/publications/bulletins/pdfs/NRB34.pdf,,,,National Register Bulletins,,,,,,,,,United States,,,,English,Property Types
"Research, Documentation and Designation",General,Guidelines for Evaluating and Registering Archeological Properties,,,,,Publication,PDF,"National Park Service, National Register of Historic Places Program",https://www.nps.gov/Nr/publications/bulletins/pdfs/nrb36.pdf,,,,National Register Bulletins,,,,,,,,,United States,,,,English,Property Types
"Research, Documentation and Designation",General,Guidelines for Evaluating and Documenting Traditional Cultural Properties,,,,,Publication,PDF,"National Park Service, National Register of Historic Places Program",https://www.nps.gov/Nr/publications/bulletins/pdfs/nrb38.pdf,,,,National Register Bulletins,,,,,,,,,United States,,,,English,Property Types
"Research, Documentation and Designation",General,Researching a Historic Property,,,,,Publication,PDF,"National Park Service, National Register of Historic Places Program",https://www.nps.gov/Nr/publications/bulletins/pdfs/nrb39.pdf,,,,National Register Bulletins,,,,,,,,,United States,,,,English,The Basics
"Research, Documentation and Designation",General,"Guidelines for Identifying, Evaluating, and Registering America's Historic Battlefields",,,,,Publication,PDF,"National Park Service, National Register of Historic Places Program",https://www.nps.gov/Nr/publications/bulletins/pdfs/NRB40.pdf,,,,National Register Bulletins,,,,,,,,,United States,,,,English,Property Types
"Research, Documentation and Designation",General,Guidelines for Evaluating and Registering Cemeteries and Burial Places,,,,,Publication,PDF,"National Park Service, National Register of Historic Places Program",https://www.nps.gov/Nr/publications/bulletins/pdfs/nrb41.pdf,,,,National Register Bulletins,,,,,,,,,United States,,,,English,Property Types
"Research, Documentation and Designation",General,"Guidelines for Identifying, Evaluating and Registering Historic Mining Properties",,,,,Publication,PDF,"National Park Service, National Register of Historic Places Program",https://www.nps.gov/Nr/publications/bulletins/pdfs/nrb42.pdf,,,,National Register Bulletins,,,,,,,,,United States,,,,English,Property Types
"Research, Documentation and Designation",General,Guidelines for Evaluating and Documenting Historic Aviation Properties,,,,,Publication,PDF,"National Park Service, National Register of Historic Places Program",https://www.nps.gov/Nr/publications/bulletins/pdfs/NRB43.pdf,,,,National Register Bulletins,,,,,,,,,United States,,,,English,Property Types
"Research, Documentation and Designation",General,National Register of Historic Places Overview (English),,,,,Publication,PDF,"National Park Service, National Register of Historic Places Program",https://www.nps.gov/Nr/publications/bulletins/pdfs/NRBroch.pdf,,,,National Register Bulletins,,,,,,,,,United States,,,,English,
"Research, Documentation and Designation",General,Historic Residential Suburbs: Guidelines for Evaluation and Documentation for the National Register of Historic Places,,,,,Publication,PDF,"National Park Service, National Register of Historic Places Program",https://www.nps.gov/Nr/publications/bulletins/pdfs/Suburbs.pdf,,,,National Register Bulletins,,,,,,,,,United States,,,,English,Property Types
"Research, Documentation and Designation",General,National Register of Historic Places Overview (Español),,,,,Publication,PDF,"National Park Service, National Register of Historic Places Program",https://www.nps.gov/Nr/publications/bulletins/spanishbrochure/2012_NR_SpanishBrochure.pdf,,,,National Register Bulletins,,,,,,,,,United States,,,,Spanish,
"Research, Documentation and Designation",General,Code of Federal Regulations: 36 CFR Part 60 National Register of Historic Places,,,,,,HTML,"National Park Service, National Register of Historic Places Program",https://www.nps.gov/Nr/regulations.htm,,,,National Register Bulletins,,,,,,,,,United States,,,,English,
"Research, Documentation and Designation",General,Photograph Policy Update,,,,,,HTML,"National Park Service, National Register of Historic Places Program",https://www.nps.gov/Nr/publications/bulletins/photopolicy/index.htm,,,,National Register Bulletins,,,,,,,,,United States,,,,English,
Public Policy,General,Manual for State Historic Preservation Review Boards (only available online),,,,,,,"National Park Service, National Register of Historic Places Program",,,,,National Register Bulletins,,,,,,,,,United States,,,,English,
Materials,General,Basics of Wood Inspection: Considerations for Historic Preservation,,,,,,PDF,Association for Preservation Technology International,http://www.apti.org/clientuploads/publications/PracticePoints/03-Anthony.pdf,,,,Practice Points,,,,,,,,,United States,,,,English,
Materials,General,Through a Lens Clearly: Instrumental Analysis as Applied to Architectural Materials,,,,,,PDF,Association for Preservation Technology International,http://www.apti.org/clientuploads/publications/PracticePoints/04-Freedland.pdf,,,,Practice Points,,,,,,,,,United States,,,,English,
Materials,General,Mortar Analysis Part 1: Mortar-Making Materials,,,,,,PDF,Association for Preservation Technology International,http://www.apti.org/clientuploads/publications/PracticePoints/05-Schnabel.pdf,,,,Practice Points,,,,,,,,,United States,,,,English,
Materials,General,Architectural Finishes: Research and Analysis,,,,,,PDF,Association for Preservation Technology International,http://www.apti.org/clientuploads/publications/PracticePoints/06-Krotzer.pdf,,,,Practice Points,,,,,,,,,United States,,,,English,
Materials,General,Mortar Analysis Part 2: Analytical Methods,,,,,,PDF,Association for Preservation Technology International,http://www.apti.org/clientuploads/publications/PracticePoints/07-Schnabel.pdf,,,,Practice Points,,,,,,,,,United States,,,,English,
Materials,General,Using Dry Ice for Spray-Paint Removal on Weathering Steel,,,,,,PDF,Association for Preservation Technology International,http://www.apti.org/clientuploads/publications/PracticePoints/08-Brush.pdf,,,,Practice Points,,,,,,,,,United States,,,,English,
Materials,General,Successful Preservation Implementation: A Planned Approach to Risk Management,,,,,,PDF,Association for Preservation Technology International,http://www.apti.org/clientuploads/publications/PracticePoints/37-23-PP-Staley.pdf,,,,Practice Points,,,,,,,,,United States,,,,English,
Materials,General,The Metropolitan Floor: Modern Analysis of an Archaic Structure,,,,,,PDF,Association for Preservation Technology International,http://www.apti.org/clientuploads/publications/PracticePoints/Friedman-PPs.pdf,,,,Practice Points,,,,,,,,,United States,,,,English,
Materials,General,Nondestructive Evaluation: Wood,,,,,,PDF,Association for Preservation Technology International,http://www.apti.org/clientuploads/publications/PracticePoints/PracticePoints10-Anthony.pdf,,,,Practice Points,,,,,,,,,United States,,,,English,
Materials,General,Mortar Analysis Part 3: Buying the Right Services,,,,,,PDF,Association for Preservation Technology International,http://www.apti.org/clientuploads/publications/PracticePoints/PracticePoints11.pdf,,,,Practice Points,,,,,,,,,United States,,,,English,
Materials,General,Conditions Glossaries as a Tool in the Survey Process: A Review of Several Glossaries,,,,,,PDF,Association for Preservation Technology International,http://www.apti.org/clientuploads/publications/PracticePoints/PracticePoints12.pdf,,,,Practice Points,,,,,,,,,United States,,,,English,
Materials,General,Nondestructive Evaluation: Structural Performance of Masonry,,,,,,PDF,Association for Preservation Technology International,http://www.apti.org/clientuploads/publications/PracticePoints/PracticePoints9.pdf,,,,Practice Points,,,,,,,,,United States,,,,English,
Maintenance and Rehabilitation,General,The Preservation of Historic Signs,,,,,Publication,PDF,"National Park Service, Technical Preservation Services",https://www.nps.gov/tps/how-to-preserve/preservedocs/preservation-briefs/25Preserve-Brief-Signs.pdf,,,,Preservation Brief,,,,,,,,,United States,,,,English,
Maintenance and Rehabilitation,General,The Preservation and Repair of Historic Log Buildings,,,,,Publication,PDF,"National Park Service, Technical Preservation Services",https://www.nps.gov/tps/how-to-preserve/preservedocs/preservation-briefs/26Preserve-Brief-LogBuildings.pdf,,,,Preservation Brief,,,,,,,,,United States,,,,English,
Maintenance and Rehabilitation,General,The Maintenance and Repair of Architectural Cast Iron,,,,,Publication,PDF,"National Park Service, Technical Preservation Services",https://www.nps.gov/tps/how-to-preserve/preservedocs/preservation-briefs/27Preserve-Brief-CastIron.pdf,,,,Preservation Brief,,,,,,,,,United States,,,,English,
Maintenance and Rehabilitation,General,Painting Historic Interiors,,,,,Publication,PDF,"National Park Service, Technical Preservation Services",https://www.nps.gov/tps/how-to-preserve/preservedocs/preservation-briefs/28Preserve-Brief-PaintingInteriors.pdf,,,,Preservation Brief,,,,,,,,,United States,,,,English,
Maintenance and Rehabilitation,General,"The Repair, Replacement, and Maintenance of Historic Slate Roofs",,,,,Publication,PDF,"National Park Service, Technical Preservation Services",https://www.nps.gov/tps/how-to-preserve/preservedocs/preservation-briefs/29Preserve-Brief-SlateRoofs.pdf,,,,Preservation Brief,,,,,,,,,United States,,,,English,
Maintenance and Rehabilitation,General,The Preservation and Repair of Historic Clay Tile Roofs,,,,,Publication,PDF,"National Park Service, Technical Preservation Services",https://www.nps.gov/tps/how-to-preserve/preservedocs/preservation-briefs/30Preserve-Brief-ClayRoofs.pdf,,,,Preservation Brief,,,,,,,,,United States,,,,English,
Maintenance and Rehabilitation,General,Mothballing Historic Buildings,,,,,Publication,PDF,"National Park Service, Technical Preservation Services",https://www.nps.gov/tps/how-to-preserve/preservedocs/preservation-briefs/31Preserve-Brief-Mothballing.pdf,,,,Preservation Brief,,,,,,,,,United States,,,,English,
Maintenance and Rehabilitation,General,Making Historic Properties Accessible,,,,,Publication,PDF,"National Park Service, Technical Preservation Services",https://www.nps.gov/tps/how-to-preserve/preservedocs/preservation-briefs/32Preserve-Brief-Accessible.pdf,,,,Preservation Brief,,,,,,,,,United States,,,,English,
Maintenance and Rehabilitation,General,The Preservation and Repair of Historic Stained and Leaded Glass,,,,,Publication,PDF,"National Park Service, Technical Preservation Services",https://www.nps.gov/tps/how-to-preserve/preservedocs/preservation-briefs/33Preserve-Brief-StainedGlass.pdf,,,,Preservation Brief,,,,,,,,,United States,,,,English,
Maintenance and Rehabilitation,General,Applied Decoration for Historic Interiors: Preserving Historic Composition Ornament,,,,,Publication,PDF,"National Park Service, Technical Preservation Services",https://www.nps.gov/tps/how-to-preserve/preservedocs/preservation-briefs/34Preserve-Brief-CompositionOrnament.pdf,,,,Preservation Brief,,,,,,,,,United States,,,,English,
Maintenance and Rehabilitation,General,Understanding Old Buildings: The Process of Architectural Investigation,,,,,Publication,PDF,"National Park Service, Technical Preservation Services",https://www.nps.gov/tps/how-to-preserve/preservedocs/preservation-briefs/35Preserve-Brief-Investigation.pdf,,,,Preservation Brief,,,,,,,,,United States,,,,English,
Maintenance and Rehabilitation,General,"Protecting Cultural Landscapes: Planning, Treatment and Management of Historic Landscapes",,,,,Publication,PDF,"National Park Service, Technical Preservation Services",https://www.nps.gov/tps/how-to-preserve/preservedocs/preservation-briefs/36Preserve-Brief-Landscapes.pdf,,,,Preservation Brief,,,,,,,,,United States,,,,English,
Maintenance and Rehabilitation,General,Appropriate Methods of Reducing Lead-Paint Hazards in Historic Housing,,,,,Publication,PDF,"National Park Service, Technical Preservation Services",https://www.nps.gov/tps/how-to-preserve/preservedocs/preservation-briefs/37Preserve-Brief-LeadPaint.pdf,,,,Preservation Brief,,,,,,,,,United States,,,,English,
Maintenance and Rehabilitation,General,Removing Graffiti from Historic Masonry,,,,,Publication,PDF,"National Park Service, Technical Preservation Services",https://www.nps.gov/tps/how-to-preserve/preservedocs/preservation-briefs/38Preserve-Brief-Graffiti.pdf,,,,Preservation Brief,,,,,,,,,United States,,,,English,
Maintenance and Rehabilitation,General,Holding the Line: Controlling Unwanted Moisture in Historic Buildings,,,,,Publication,PDF,"National Park Service, Technical Preservation Services",https://www.nps.gov/tps/how-to-preserve/preservedocs/preservation-briefs/39Preserve-Brief-Moisture.pdf,,,,Preservation Brief,,,,,,,,,United States,,,,English,
Maintenance and Rehabilitation,General,Preserving Historic Ceramic Tile Floors,,,,,Publication,PDF,"National Park Service, Technical Preservation Services",https://www.nps.gov/tps/how-to-preserve/preservedocs/preservation-briefs/40Preserve-Brief-CeramicTile.pdf,,,,Preservation Brief,,,,,,,,,United States,,,,English,
Maintenance and Rehabilitation,General,The Seismic Retrofit of Historic Buildings: Keeping Preservation in the Forefront,,,,,Publication,PDF,"National Park Service, Technical Preservation Services",https://www.nps.gov/tps/how-to-preserve/preservedocs/preservation-briefs/41Preserve-Brief-SeismicRetrofit.pdf,,,,Preservation Brief,,,,,,,,,United States,,,,English,
Maintenance and Rehabilitation,General,"The Maintenance, Repair and Replacement of Historic Cast Stone",,,,,Publication,PDF,"National Park Service, Technical Preservation Services",https://www.nps.gov/tps/how-to-preserve/preservedocs/preservation-briefs/42Preserve-Brief-CastStone.pdf,,,,Preservation Brief,,,,,,,,,United States,,,,English,
Maintenance and Rehabilitation,General,The Preparation and Use of Historic Structure Reports,,,,,Publication,PDF,"National Park Service, Technical Preservation Services",https://www.nps.gov/tps/how-to-preserve/preservedocs/preservation-briefs/43Preserve-Brief-StructureReports.pdf,,,,Preservation Brief,,,,,,,,,United States,,,,English,
Maintenance and Rehabilitation,General,"The Use of Awnings on Historic Buildings: Repair, Replacement and New Design",,,,,Publication,PDF,"National Park Service, Technical Preservation Services",https://www.nps.gov/tps/how-to-preserve/preservedocs/preservation-briefs/44Preserve-Brief-Awnings.pdf,,,,Preservation Brief,,,,,,,,,United States,,,,English,
Maintenance and Rehabilitation,General,Preserving Historic Wooden Porches,,,,,Publication,PDF,"National Park Service, Technical Preservation Services",https://www.nps.gov/tps/how-to-preserve/preservedocs/preservation-briefs/45Preserve-Brief-WoodPorches.pdf,,,,Preservation Brief,,,,,,,,,United States,,,,English,
Maintenance and Rehabilitation,General,The Preservation and Reuse of Historic Gas Stations,,,,,Publication,PDF,"National Park Service, Technical Preservation Services",https://www.nps.gov/tps/how-to-preserve/preservedocs/preservation-briefs/46Preserve-Brief-GasStations.pdf,,,,Preservation Brief,,,,,,,,,United States,,,,English,
Maintenance and Rehabilitation,General,Maintaining the Exterior of Small and Medium Size Historic Buildings,,,,,Publication,PDF,"National Park Service, Technical Preservation Services",https://www.nps.gov/tps/how-to-preserve/preservedocs/preservation-briefs/47Preserve-Brief-SmallMediumExteriors.pdf,,,,Preservation Brief,,,,,,,,,United States,,,,English,
Rehabilitation and Maintenance,General,Cleaning and Water-Repellent Treatments for Historic Masonry Buildings,,,,,Publication,PDF,"National Park Service, Technical Preservation Services",https://www.nps.gov/tps/how-to-preserve/preservedocs/preservation-briefs/01Preserve-Brief-Cleaning.pdf,,,,Preservation Brief,,,,,,,,,United States,,,,English,
Rehabilitation and Maintenance,General,Repointing Mortar Joints in Historic Masonry Buildings,,,,,Publication,PDF,"National Park Service, Technical Preservation Services",https://www.nps.gov/tps/how-to-preserve/preservedocs/preservation-briefs/02Preserve-Brief-MortarJoints.pdf,,,,Preservation Brief,,,,,,,,,United States,,,,English,
Rehabilitation and Maintenance,General,Improving Energy Efficiency in Historic Buildings,,,,,Publication,PDF,"National Park Service, Technical Preservation Services",https://www.nps.gov/tps/how-to-preserve/preservedocs/preservation-briefs/03Preserve-Brief-Energy.pdf,,,,Preservation Brief,,,,,,,,,United States,,,,English,
Rehabilitation and Maintenance,General,Roofing for Historic Buildings,,,,,Publication,PDF,"National Park Service, Technical Preservation Services",https://www.nps.gov/tps/how-to-preserve/preservedocs/preservation-briefs/04Preserve-Brief-Roofs.pdf,,,,Preservation Brief,,,,,,,,,United States,,,,English,
Rehabilitation and Maintenance,General,The Preservation of Historic Adobe Buildings,,,,,Publication,PDF,"National Park Service, Technical Preservation Services",https://www.nps.gov/tps/how-to-preserve/preservedocs/preservation-briefs/05Preserve-Brief-Adobe.pdf,,,,Preservation Brief,,,,,,,,,United States,,,,English,
Rehabilitation and Maintenance,General,Dangers of Abrasive Cleaning to Historic Buildings,,,,,Publication,PDF,"National Park Service, Technical Preservation Services",https://www.nps.gov/tps/how-to-preserve/preservedocs/preservation-briefs/06Preserve-Brief-Cleaning.pdf,,,,Preservation Brief,,,,,,,,,United States,,,,English,
Rehabilitation and Maintenance,General,The Preservation of Historic Glazed Architectural Terra-Cotta,,,,,Publication,PDF,"National Park Service, Technical Preservation Services",https://www.nps.gov/tps/how-to-preserve/preservedocs/preservation-briefs/07Preserve-Brief-Terra-Cotta.pdf,,,,Preservation Brief,,,,,,,,,United States,,,,English,
Rehabilitation and Maintenance,General,Aluminum and Vinyl Siding on Historic Buildings: The Appropriateness of Substitute Materials for Resurfacing Historic Wood Frame Buildings,,,,,Publication,PDF,"National Park Service, Technical Preservation Services",https://www.nps.gov/tps/how-to-preserve/preservedocs/preservation-briefs/08Preserve-Brief-Aluminium-Vinyl.pdf,,,,Preservation Brief,,,,,,,,,United States,,,,English,
Rehabilitation and Maintenance,General,Online only,,,,,Publication,PDF,"National Park Service, Technical Preservation Services",https://www.nps.gov/tps/how-to-preserve/preservedocs/preservation-briefs/09Preserve-Brief-Wooden-Windows.pdf,,,,Preservation Brief,,,,,,,,,United States,,,,English,
Rehabilitation and Maintenance,General,Exterior Paint Problems on Historic Woodwork,,,,,Publication,PDF,"National Park Service, Technical Preservation Services",https://www.nps.gov/tps/how-to-preserve/preservedocs/preservation-briefs/10Preserve-Brief-PaintProblems.pdf,,,,Preservation Brief,,,,,,,,,United States,,,,English,
Rehabilitation and Maintenance,General,Rehabilitating Historic Storefronts,,,,,Publication,PDF,"National Park Service, Technical Preservation Services",https://www.nps.gov/tps/how-to-preserve/preservedocs/preservation-briefs/11Preserve-Brief-Storefronts.pdf,,,,Preservation Brief,,,,,,,,,United States,,,,English,
Rehabilitation and Maintenance,General,The Preservation of Historic Pigmented Structural Glass (Vitrolite and Carrara Glass),,,,,Publication,PDF,"National Park Service, Technical Preservation Services",https://www.nps.gov/tps/how-to-preserve/preservedocs/preservation-briefs/12Preserve-Brief-StructuralGlass.pdf,,,,Preservation Brief,,,,,,,,,United States,,,,English,
Rehabilitation and Maintenance,General,The Repair and Thermal Upgrading of Historic Steel Windows,,,,,Publication,PDF,"National Park Service, Technical Preservation Services",https://www.nps.gov/tps/how-to-preserve/preservedocs/preservation-briefs/13Preserve-Brief-SteelWindows.pdf,,,,Preservation Brief,,,,,,,,,United States,,,,English,
Rehabilitation and Maintenance,General,New Exterior Additions to Historic Buildings: Preservation Concerns,,,,,Publication,PDF,"National Park Service, Technical Preservation Services",https://www.nps.gov/tps/how-to-preserve/preservedocs/preservation-briefs/14Preserve-Brief-Additions.pdf,,,,Preservation Brief,,,,,,,,,United States,,,,English,
Rehabilitation and Maintenance,General,Preservation of Historic Concrete,,,,,Publication,PDF,"National Park Service, Technical Preservation Services",https://www.nps.gov/tps/how-to-preserve/preservedocs/preservation-briefs/15Preserve-Brief-Concrete.pdf,,,,Preservation Brief,,,,,,,,,United States,,,,English,
Rehabilitation and Maintenance,General,The Use of Substitute Materials on Historic Building Exteriors,,,,,Publication,PDF,"National Park Service, Technical Preservation Services",https://www.nps.gov/tps/how-to-preserve/preservedocs/preservation-briefs/16Preserve-Brief-Materials.pdf,,,,Preservation Brief,,,,,,,,,United States,,,,English,
Rehabilitation and Maintenance,General,Architectural Character—Identifying the Visual Aspects of Historic Buildings as an Aid to Preserving their Character,,,,,Publication,PDF,"National Park Service, Technical Preservation Services",https://www.nps.gov/tps/how-to-preserve/preservedocs/preservation-briefs/17Preserve-Brief-VisualAspects.pdf,,,,Preservation Brief,,,,,,,,,United States,,,,English,
Rehabilitation and Maintenance,General,Rehabilitating Interiors in Historic Buildings — Identifying Character-Defining Elements,,,,,Publication,PDF,"National Park Service, Technical Preservation Services",https://www.nps.gov/tps/how-to-preserve/preservedocs/preservation-briefs/18Preserve-Brief-Interiors.pdf,,,,Preservation Brief,,,,,,,,,United States,,,,English,
Rehabilitation and Maintenance,General,The Repair and Replacement of Historic Wooden Shingle Roofs,,,,,Publication,PDF,"National Park Service, Technical Preservation Services",https://www.nps.gov/tps/how-to-preserve/preservedocs/preservation-briefs/19Preserve-Brief-WoodenShingle.pdf,,,,Preservation Brief,,,,,,,,,United States,,,,English,
Rehabilitation and Maintenance,General,The Preservation of Historic Barns,,,,,Publication,PDF,"National Park Service, Technical Preservation Services",https://www.nps.gov/tps/how-to-preserve/preservedocs/preservation-briefs/20Preserve-Brief-Barns.pdf,,,,Preservation Brief,,,,,,,,,United States,,,,English,
Rehabilitation and Maintenance,General,Repairing Historic Flat Plaster—Walls and Ceilings,,,,,Publication,PDF,"National Park Service, Technical Preservation Services",https://www.nps.gov/tps/how-to-preserve/preservedocs/preservation-briefs/21Preserve-Brief-FlatPlaster.pdf,,,,Preservation Brief,,,,,,,,,United States,,,,English,
Rehabilitation and Maintenance,General,The Preservation and Repair of Historic Stucco,,,,,Publication,PDF,"National Park Service, Technical Preservation Services",https://www.nps.gov/tps/how-to-preserve/preservedocs/preservation-briefs/22Preserve-Brief-Stucco.pdf,,,,Preservation Brief,,,,,,,,,United States,,,,English,
Rehabilitation and Maintenance,General,Preserving Historic Ornamental Plaster,,,,,Publication,PDF,"National Park Service, Technical Preservation Services",https://www.nps.gov/tps/how-to-preserve/preservedocs/preservation-briefs/23Preserve-Brief-OrnamentalPlaster.pdf,,,,Preservation Brief,,,,,,,,,United States,,,,English,
Rehabilitation and Maintenance,General,"Heating, Ventilating, and Cooling Historic Buildings: Problems and Recommended Approaches",,,,,Publication,PDF,"National Park Service, Technical Preservation Services",https://www.nps.gov/tps/how-to-preserve/preservedocs/preservation-briefs/24Preserve-Brief-Ventilation.pdf,,,,Preservation Brief,,,,,,,,,United States,,,,English,
"Research, Documentation and Designation",General,Rehabilitating Interiors in Historic Buildings—Identifying Character-Defining Elements,,,,,,HTML,"National Park Service, Technical Preservation Services",https://www.nps.gov/tps/how-to-preserve/briefs/18-rehabilitating-interiors.htm,,,,Preservation Brief,,,,,,,,,United States,,,,English,
"Research, Documentation and Designation",General,The Repair of Historic Wooden Windows,,,,,,HTML,"National Park Service, Technical Preservation Services",https://www.nps.gov/tps/how-to-preserve/briefs/9-wooden-windows.htm,,,,Preservation Brief,,,,,,,,,United States,,,,English,
Maintenance and Rehabilitation,General,Historic Garage and Carriage Doors: Rehabilitation Solutions,,,,,Publication,PDF,"National Park Service, Technical Preservation Services",https://www.nps.gov/tps/how-to-preserve/tech-notes/Tech-Notes-Doors01.pdf,,,,Preservation Tech Notes,,,,,,,,,United States,,,,English,
Maintenance and Rehabilitation,General,Proper Painting and Surface Preparation,,,,,Publication,PDF,"National Park Service, Technical Preservation Services",https://www.nps.gov/tps/how-to-preserve/tech-notes/Tech-Notes-Exterior01.pdf,,,,Preservation Tech Notes,,,,,,,,,United States,,,,English,
Maintenance and Rehabilitation,General,Paint Removal from Wood Siding,,,,,Publication,PDF,"National Park Service, Technical Preservation Services",https://www.nps.gov/tps/how-to-preserve/tech-notes/Tech-Notes-Exterior02.pdf,,,,Preservation Tech Notes,,,,,,,,,United States,,,,English,
Maintenance and Rehabilitation,General,Log Crown Repair and Selective Replacement Using Epoxy and Fiberglass Reinforcing Bars,,,,,Publication,PDF,"National Park Service, Technical Preservation Services",https://www.nps.gov/tps/how-to-preserve/tech-notes/Tech-Notes-Exterior03.pdf,,,,Preservation Tech Notes,,,,,,,,,United States,,,,English,
Maintenance and Rehabilitation,General,Protecting Woodwork Against Decay Using Borate Preservatives,,,,,Publication,PDF,"National Park Service, Technical Preservation Services",https://www.nps.gov/tps/how-to-preserve/tech-notes/Tech-Notes-Exterior04.pdf,,,,Preservation Tech Notes,,,,,,,,,United States,,,,English,
Maintenance and Rehabilitation,General,Process-Painting Decals as a Substitute for Hand-Stencilled Ceiling Medallions,,,,,Publication,PDF,"National Park Service, Technical Preservation Services",https://www.nps.gov/tps/how-to-preserve/tech-notes/Tech-Notes-Finishes01.pdf,,,,Preservation Tech Notes,,,,,,,,,United States,,,,English,
Maintenance and Rehabilitation,General,Repair and Reproduction of Prismatic Glass Transoms,,,,,Publication,PDF,"National Park Service, Technical Preservation Services",https://www.nps.gov/tps/how-to-preserve/tech-notes/Tech-Notes-Glass01.pdf,,,,Preservation Tech Notes,,,,,,,,,United States,,,,English,
Maintenance and Rehabilitation,General,Repair and Rehabilitation of Historic Sidewalk Vault Lights,,,,,Publication,PDF,"National Park Service, Technical Preservation Services",https://www.nps.gov/tps/how-to-preserve/tech-notes/Tech-Notes-Glass02.pdf,,,,Preservation Tech Notes,,,,,,,,,United States,,,,English,
Maintenance and Rehabilitation,General,Substitute Materials: Replacing Deteriorated Serpentine Stone with Pre-Cast Concrete,,,,,Publication,PDF,"National Park Service, Technical Preservation Services",https://www.nps.gov/tps/how-to-preserve/tech-notes/Tech-Notes-Masonry01.pdf,,,,Preservation Tech Notes,,,,,,,,,United States,,,,English,
Maintenance and Rehabilitation,General,Stabilization and Repair of a Historic Terra Cotta Cornice,,,,,Publication,PDF,"National Park Service, Technical Preservation Services",https://www.nps.gov/tps/how-to-preserve/tech-notes/Tech-Notes-Masonry02.pdf,,,,Preservation Tech Notes,,,,,,,,,United States,,,,English,
Maintenance and Rehabilitation,General,Water Soak Cleaning of Limestone,,,,,Publication,PDF,"National Park Service, Technical Preservation Services",https://www.nps.gov/tps/how-to-preserve/tech-notes/Tech-Notes-Masonry03.pdf,,,,Preservation Tech Notes,,,,,,,,,United States,,,,English,
Maintenance and Rehabilitation,General,Non-destructive Evaluation Techniques for Masonry Construction,,,,,Publication,PDF,"National Park Service, Technical Preservation Services",https://www.nps.gov/tps/how-to-preserve/tech-notes/Tech-Notes-Masonry04.pdf,,,,Preservation Tech Notes,,,,,,,,,United States,,,,English,
Maintenance and Rehabilitation,General,Replicating Historic Elevator Enclosures,,,,,Publication,PDF,"National Park Service, Technical Preservation Services",https://www.nps.gov/tps/how-to-preserve/tech-notes/Tech-Notes-Mechanical01.pdf,,,,Preservation Tech Notes,,,,,,,,,United States,,,,English,
Maintenance and Rehabilitation,General,Conserving Outdoor Bronze Sculpture,,,,,Publication,PDF,"National Park Service, Technical Preservation Services",https://www.nps.gov/tps/how-to-preserve/tech-notes/Tech-Notes-Metals01.pdf,,,,Preservation Tech Notes,,,,,,,,,United States,,,,English,
Maintenance and Rehabilitation,General,Restoring Metal Roof Cornices,,,,,Publication,PDF,"National Park Service, Technical Preservation Services",https://www.nps.gov/tps/how-to-preserve/tech-notes/Tech-Notes-Metals02.pdf,,,,Preservation Tech Notes,,,,,,,,,United States,,,,English,
Maintenance and Rehabilitation,General,In-kind Replacement of Historic Stamped-Metal Exterior Siding,,,,,Publication,PDF,"National Park Service, Technical Preservation Services",https://www.nps.gov/tps/how-to-preserve/tech-notes/Tech-Notes-Metals03.pdf,,,,Preservation Tech Notes,,,,,,,,,United States,,,,English,
Maintenance and Rehabilitation,General,Rehabilitating a Historic Iron Bridge,,,,,Publication,PDF,"National Park Service, Technical Preservation Services",https://www.nps.gov/tps/how-to-preserve/tech-notes/Tech-Notes-Metals04.pdf,,,,Preservation Tech Notes,,,,,,,,,United States,,,,English,
Maintenance and Rehabilitation,General,Rehabilitating a Historic Truss Bridge Using a Fiber-Reinforced Plastic Deck,,,,,Publication,PDF,"National Park Service, Technical Preservation Services",https://www.nps.gov/tps/how-to-preserve/tech-notes/Tech-Notes-Metals05.pdf,,,,Preservation Tech Notes,,,,,,,,,United States,,,,English,
Maintenance and Rehabilitation,General,Repair and Reproduction of Metal Canopies and Marquees with Glass Pendants,,,,,Publication,PDF,"National Park Service, Technical Preservation Services",https://www.nps.gov/tps/how-to-preserve/tech-notes/Tech-Notes-Metals06.pdf,,,,Preservation Tech Notes,,,,,,,,,United States,,,,English,
Maintenance and Rehabilitation,General,Museum Collection Storage in a Historic Building Using a Prefabricated Structure,,,,,Publication,PDF,"National Park Service, Technical Preservation Services",https://www.nps.gov/tps/how-to-preserve/tech-notes/Tech-Notes-Museum01.pdf,,,,Preservation Tech Notes,,,,,,,,,United States,,,,English,
Maintenance and Rehabilitation,General,Reducing Visible and Ultraviolet Light Damage to Interior Wood Finishes,,,,,Publication,PDF,"National Park Service, Technical Preservation Services",https://www.nps.gov/tps/how-to-preserve/tech-notes/Tech-Notes-Museum02.pdf,,,,Preservation Tech Notes,,,,,,,,,United States,,,,English,
Maintenance and Rehabilitation,General,Temporary Protection of Historic Stairways,,,,,Publication,PDF,"National Park Service, Technical Preservation Services",https://www.nps.gov/tps/how-to-preserve/tech-notes/Tech-Notes-Protection01.pdf,,,,Preservation Tech Notes,,,,,,,,,United States,,,,English,
Maintenance and Rehabilitation,General,Specifying Temporary Protection of Historic Interiors During Construction and Repair,,,,,Publication,PDF,"National Park Service, Technical Preservation Services",https://www.nps.gov/tps/how-to-preserve/tech-notes/Tech-Notes-Protection02.pdf,,,,Preservation Tech Notes,,,,,,,,,United States,,,,English,
Maintenance and Rehabilitation,General,Protecting A Historic Structure during Adjacent Construction,,,,,Publication,PDF,"National Park Service, Technical Preservation Services",https://www.nps.gov/tps/how-to-preserve/tech-notes/Tech-Notes-Protection03.pdf,,,,Preservation Tech Notes,,,,,,,,,United States,,,,English,
Maintenance and Rehabilitation,General,Restoring Vine Coverage to Historic Buildings,,,,,Publication,PDF,"National Park Service, Technical Preservation Services",https://www.nps.gov/tps/how-to-preserve/tech-notes/Tech-Notes-Site01.pdf,,,,Preservation Tech Notes,,,,,,,,,United States,,,,English,
Maintenance and Rehabilitation,General,Planning Approaches to Window Preservation,,,,,Publication,PDF,"National Park Service, Technical Preservation Services",https://www.nps.gov/tps/how-to-preserve/tech-notes/Tech-Notes-Windows01.pdf,,,,Preservation Tech Notes,,,,,,,,,United States,,,,English,
Maintenance and Rehabilitation,General,Installing Insulating Glass in Existing Steel Windows,,,,,Publication,PDF,"National Park Service, Technical Preservation Services",https://www.nps.gov/tps/how-to-preserve/tech-notes/Tech-Notes-Windows02.pdf,,,,Preservation Tech Notes,,,,,,,,,United States,,,,English,
Maintenance and Rehabilitation,General,Exterior Storm Windows: Casement Design Wooden Storm Sash,,,,,Publication,PDF,"National Park Service, Technical Preservation Services",https://www.nps.gov/tps/how-to-preserve/tech-notes/Tech-Notes-Windows03.pdf,,,,Preservation Tech Notes,,,,,,,,,United States,,,,English,
Maintenance and Rehabilitation,General,Replacement Wooden Frames and Sash,,,,,Publication,PDF,"National Park Service, Technical Preservation Services",https://www.nps.gov/tps/how-to-preserve/tech-notes/Tech-Notes-Windows04.pdf,,,,Preservation Tech Notes,,,,,,,,,United States,,,,English,
Maintenance and Rehabilitation,General,Interior Metal Storm Windows,,,,,Publication,PDF,"National Park Service, Technical Preservation Services",https://www.nps.gov/tps/how-to-preserve/tech-notes/Tech-Notes-Windows05.pdf,,,,Preservation Tech Notes,,,,,,,,,United States,,,,English,
Maintenance and Rehabilitation,General,Replacement Wooden Sash and Frames With Insulating Glass and Integral Muntins,,,,,Publication,PDF,"National Park Service, Technical Preservation Services",https://www.nps.gov/tps/how-to-preserve/tech-notes/Tech-Notes-Windows06.pdf,,,,Preservation Tech Notes,,,,,,,,,United States,,,,English,
Maintenance and Rehabilitation,General,Window Awnings,,,,,Publication,PDF,"National Park Service, Technical Preservation Services",https://www.nps.gov/tps/how-to-preserve/tech-notes/Tech-Notes-Windows07.pdf,,,,Preservation Tech Notes,,,,,,,,,United States,,,,English,
Maintenance and Rehabilitation,General,Thermal Retrofit of Historic Wooden Sash Using Interior Piggyback Storm Panels,,,,,Publication,PDF,"National Park Service, Technical Preservation Services",https://www.nps.gov/tps/how-to-preserve/tech-notes/Tech-Notes-Windows08.pdf,,,,Preservation Tech Notes,,,,,,,,,United States,,,,English,
Maintenance and Rehabilitation,General,Interior Storm Windows: Magnetic Seal,,,,,Publication,PDF,"National Park Service, Technical Preservation Services",https://www.nps.gov/tps/how-to-preserve/tech-notes/Tech-Notes-Windows09.pdf,,,,Preservation Tech Notes,,,,,,,,,United States,,,,English,
Maintenance and Rehabilitation,General,Temporary Window Vents in Unoccupied Historic Buildings,,,,,Publication,PDF,"National Park Service, Technical Preservation Services",https://www.nps.gov/tps/how-to-preserve/tech-notes/Tech-Notes-Windows10.pdf,,,,Preservation Tech Notes,,,,,,,,,United States,,,,English,
Maintenance and Rehabilitation,General,Installing Insulating Glass in Existing Wooden Sash Incorporating the Historic Glass,,,,,Publication,PDF,"National Park Service, Technical Preservation Services",https://www.nps.gov/tps/how-to-preserve/tech-notes/Tech-Notes-Windows11.pdf,,,,Preservation Tech Notes,,,,,,,,,United States,,,,English,
Maintenance and Rehabilitation,General,Aluminum Replacements for Steel Industrial Sash,,,,,Publication,PDF,"National Park Service, Technical Preservation Services",https://www.nps.gov/tps/how-to-preserve/tech-notes/Tech-Notes-Windows12.pdf,,,,Preservation Tech Notes,,,,,,,,,United States,,,,English,
Maintenance and Rehabilitation,General,Aluminum Replacement Windows with Sealed Insulating Glass and Trapezoidal Muntin Grids,,,,,Publication,PDF,"National Park Service, Technical Preservation Services",https://www.nps.gov/tps/how-to-preserve/tech-notes/Tech-Notes-Windows13.pdf,,,,Preservation Tech Notes,,,,,,,,,United States,,,,English,
Maintenance and Rehabilitation,General,Reinforcing Deteriorated Wooden Windows,,,,,Publication,PDF,"National Park Service, Technical Preservation Services",https://www.nps.gov/tps/how-to-preserve/tech-notes/Tech-Notes-Windows14.pdf,,,,Preservation Tech Notes,,,,,,,,,United States,,,,English,
Maintenance and Rehabilitation,General,Interior Storms for Steel Casement Windows,,,,,Publication,PDF,"National Park Service, Technical Preservation Services",https://www.nps.gov/tps/how-to-preserve/tech-notes/Tech-Notes-Windows15.pdf,,,,Preservation Tech Notes,,,,,,,,,United States,,,,English,
Maintenance and Rehabilitation,General,Repairing and Upgrading Multi-Light Wooden Mill Windows,,,,,Publication,PDF,"National Park Service, Technical Preservation Services",https://www.nps.gov/tps/how-to-preserve/tech-notes/Tech-Notes-Windows16.pdf,,,,Preservation Tech Notes,,,,,,,,,United States,,,,English,
Maintenance and Rehabilitation,General,Repair and Retrofitting Industrial Steel Windows,,,,,Publication,PDF,"National Park Service, Technical Preservation Services",https://www.nps.gov/tps/how-to-preserve/tech-notes/Tech-Notes-Windows17.pdf,,,,Preservation Tech Notes,,,,,,,,,United States,,,,English,
Maintenance and Rehabilitation,General,"Aluminum Replacement Windows With True Divided Lights, Interior Piggyback Storm Panels, and Exposed Historic Wooden Frames",,,,,Publication,PDF,"National Park Service, Technical Preservation Services",https://www.nps.gov/tps/how-to-preserve/tech-notes/Tech-Notes-Windows18.pdf,,,,Preservation Tech Notes,,,,,,,,,United States,,,,English,
Maintenance and Rehabilitation,General,Repairing Steel Casement Windows,,,,,Publication,PDF,"National Park Service, Technical Preservation Services",https://www.nps.gov/tps/how-to-preserve/tech-notes/Tech-Notes-Windows19.pdf,,,,Preservation Tech Notes,,,,,,,,,United States,,,,English,
Maintenance and Rehabilitation,General,Aluminum Replacement Windows for Steel Projecting Units with True Divided Lights and Matching Profiles,,,,,Publication,PDF,"National Park Service, Technical Preservation Services",https://www.nps.gov/tps/how-to-preserve/tech-notes/Tech-Notes-Windows20.pdf,,,,Preservation Tech Notes,,,,,,,,,United States,,,,English,
Maintenance and Rehabilitation,General,Replacement Wood Sash Utilizing True Divided Lights and an Interior Piggyback Energy Panel,,,,,Publication,PDF,"National Park Service, Technical Preservation Services",https://www.nps.gov/tps/how-to-preserve/tech-notes/Tech-Notes-Windows21.pdf,,,,Preservation Tech Notes,,,,,,,,,United States,,,,English,
Maintenance and Rehabilitation,General,Maintenance and Repair of Historic Aluminum Windows,,,,,Publication,PDF,"National Park Service, Technical Preservation Services",https://www.nps.gov/tps/how-to-preserve/tech-notes/Tech-Notes-Windows22.pdf,,,,Preservation Tech Notes,,,,,,,,,United States,,,,English,
Maintenance and Rehabilitation,General,Preserving Historic Corridors in Open Office Plans,,,,,Publication,PDF,"National Park Service, Technical Preservation Services",https://www.nps.gov/tps/tech-notes/Tech-Notes-Interior01.pdf,,,,Preservation Tech Notes,,,,,,,,,United States,,,,English,
Maintenance and Rehabilitation,General,Preserving Historic Office Building Corridors,,,,,Publication,PDF,"National Park Service, Technical Preservation Services",https://www.nps.gov/tps/tech-notes/Tech-Notes-Interior02.pdf,,,,Preservation Tech Notes,,,,,,,,,United States,,,,English,
Maintenance and Rehabilitation,General,Preserving Historic Corridor Doors and Glazing in High-Rise Buildings,,,,,Publication,PDF,"National Park Service, Technical Preservation Services",https://www.nps.gov/tps/tech-notes/Tech-Notes-Interior03.pdf,,,,Preservation Tech Notes,,,,,,,,,United States,,,,English,
Maintenance and Rehabilitation,General,Historic Surplus Property Program—New Uses for Federal Properties,,,,,Publication,PDF,"National Park Service, Technical Preservation Services",https://www.nps.gov/tps/historic-surplus/historic-surplus-property.pdf,,,,Technical Publications,,,,,,,,,United States,,,,English,
Maintenance and Rehabilitation,General,A Glossary of Historic Masonry Deterioration Problems and Preservation Treatments,,,1984,,Publication,PDF,"National Park Service, Technical Preservation Services",https://www.nps.gov/tps/how-to-preserve/preservedocs/Historic-Masonry-Deterioration.pdf,,,,Technical Publications,,,,,,,,,United States,,,,English,
Maintenance and Rehabilitation,General,"Keeping It Clean: Removing Exterior Dirt, Paint, Stains and Graffiti from Historic Masonry Buildings",,,1988,,Publication,PDF,"National Park Service, Technical Preservation Services",https://www.nps.gov/tps/how-to-preserve/preservedocs/Keeping-It-Clean.pdf,,,,Technical Publications,,,,,,,,,United States,,,,English,
Public Policy,General,Law and the Historic Preservation Commission,,,,,Publication,PDF,National Alliance of Preservation Commissions,http://napcommissions.org/wp-content/uploads/2013/08/01-Law-and-the-HPC.pdf,,,,The Alliance Review,,,,,,,,,United States,"Published by Cultural Resources Partnership Notes, this article provides an overview of laws and legal actions pertaining to historic preservation commissions.",,,English,Preservation Law
Public Policy,General,For the Record: A Short Guide to Parliamentary Procedure,,,,,Publication,PDF,National Alliance of Preservation Commissions,http://napcommissions.org/wp-content/uploads/2013/08/04-For-the-Record.pdf,,,,The Alliance Review,,,,,,,,,United States,A Short Guide to Parliamentary Procedure,,,English,Preservation Law
Public Policy,General,Local Preservation Ordinances,,,,,Publication,PDF,National Alliance of Preservation Commissions,http://napcommissions.org/wp-content/uploads/2013/08/05-Local-Preservation-Ordinances.pdf,,,,The Alliance Review,,,,,,,,,United States,"This article looks at aspects of creating, amending, and reviewing preservation ordinances, as well as providing information on aspects of historic preservation and conservation overlay zones.",,,English,Preservation Law
Public Policy,General,Assessing Economic Hardship Claims,,,,,Publication,PDF,National Alliance of Preservation Commissions,http://napcommissions.org/wp-content/uploads/2013/08/06-Assessing-Econ-Hardship-Claims.pdf,,,,The Alliance Review,,,,,,,,,United States,This article looks at the components of economic hardship claims and gives advice on how to evaluate the evidence presented within the claim.,,,English,Preservation Law
Public Policy,General,Building Codes vs Preservation of Historic Property,,,,,Publication,PDF,National Alliance of Preservation Commissions,http://napcommissions.org/wp-content/uploads/2013/08/Codes_TAR_Building-Codes-vs-Preservation-of-Property_Stalko_Winter-1992.pdf,,,,The Alliance Review,,,,,,,,,United States,This article provides insight on how to implement present-day building codes for historic buildings.,,,English,Building Codes
Public Policy,General,Cities “Get Smart” Without State Initiatives,,,,,Publication,PDF,National Alliance of Preservation Commissions,http://napcommissions.org/wp-content/uploads/2013/08/Codes_TAR_Get-Smart-Without-State-Incentives_2003.pdf,,,,The Alliance Review,,,,,,,,,United States,This article supplies information on the benefits of using Smart Codes – building codes meant to encourage alteration and reuse of existing buildings – when establishing or amending municipal building codes.,,,English,Building Codes
Public Policy,General,Smart Codes in Your Community,,,,,Publication,PDF,National Alliance of Preservation Commissions,http://napcommissions.org/wp-content/uploads/2013/08/Codes_TAR_Smart-Codes-in-Your-Community_HUD_2003.pdf,,,,The Alliance Review,,,,,,,,,United States,"This report provides an overview of general laws and regulations that govern the use and reuse of existing buildings. The report also supplies examples of efforts to reduce the complexity of laws and regulations pertaining to existing buildings, and provides possible strategies to implement reinvestment in the existing building infrastructure.",,,English,Building Codes
Public Policy,General,Regulations to Prevent Demolitions & Avoid Taking,,,,,Publication,PDF,National Alliance of Preservation Commissions,http://napcommissions.org/wp-content/uploads/2013/08/Demo-by-Neglect_Regulations-to-Prevent-Demo-Avoid-Taking_Bowers.pdf,,,,The Alliance Review,,,,,,,,,United States,"Published by the City of Dallas, this document provides the process by which an owner may apply for permission to tear down a neglected building, on what basis the ruling commission must act, and the process by which someone can appeal the commission’s decision.",,,English,Demolition by Neglect
Public Policy,General,Sample Ordinances,,,,,Publication,PDF,National Alliance of Preservation Commissions,http://napcommissions.org/wp-content/uploads/2013/08/Demo-by-Neglect_Sample-Ordinances_DC-Detroit-New-Orleans.pdf,,,,The Alliance Review,,,,,,,,,United States,"This document looks at the cities of New York, Detroit, and New Orleans and their respective ordinances pertaining to demolition by neglect.",,,English,Demolition by Neglect
Planning and Development,General,New Exterior Additions to Historic Buildings,,,,,Publication,PDF,National Alliance of Preservation Commissions,http://napcommissions.org/wp-content/uploads/2013/08/NCI_TAR_Additions_Grimmer_MayJune2012.pdf,,,,The Alliance Review,,,,,,,,,United States,"This article talks about the improvements of and changes to the revised Preservation Brief 14, which deals with how to appropriately apply exterior additions.",,,English,New Construction
Planning and Development,General,Growing Pains,,,,,Publication,PDF,National Alliance of Preservation Commissions,http://napcommissions.org/wp-content/uploads/2013/08/NCI_TAR_GrowingPains_Baldock_MayJune2012.pdf,,,,The Alliance Review,,,,,,,,,United States,Controlling Additions in Historic Neighborhoods (The Alliance Review),,,English,New Construction
Planning and Development,General,Regulating New Construction in Historic Districts: Contemporary Design,,,,,Publication,PDF,National Alliance of Preservation Commissions,http://napcommissions.org/wp-content/uploads/2013/08/NCI_TAR_Regulating-New-Construction-in-His-Districts-Contemporary-Design_Gorski_2011.pdf,,,,The Alliance Review,,,,,,,,,United States,Contemporary Design (The Alliance Review),,,English,New Construction
Planning and Development,General,Why Say “No” to Vinyl Windows,,,,,Publication,PDF,National Alliance of Preservation Commissions,http://napcommissions.org/wp-content/uploads/2013/08/No-vinyl-pamphlet.pdf,,,,The Alliance Review,,,,,,,,,United States,"Presented in a pamphlet by the Albany (NY) Landmark Advisory Commission, this document looks at a number of reasons why vinyl windows are a poor replacement for historic wood windows.",,,English,Substitute Materials
Planning and Development,General,Developing a Materials Evaluation Methodology,,,,,Publication,PDF,National Alliance of Preservation Commissions,http://napcommissions.org/wp-content/uploads/2013/08/Sustainability_Developing-A-Materials-Evaluation-Methodology-Part-1-2.pdf,,,,The Alliance Review,,,,,,,,,United States,"This two part article looks at how to effectively address a number of concerns when evaluating the benefits of substitute materials. These concerns vary in topic, and include durability, price, and sustainability.",,,English,Substitute Materials
Planning and Development,General,Vinyl is Not Final,,,,,Publication,PDF,National Alliance of Preservation Commissions,http://napcommissions.org/wp-content/uploads/2013/08/Vinyl-Siding_Kansas-Preservation_Vinyl-is-Not-Final_julaug-2003.pdf,,,,The Alliance Review,,,,,,,,,United States,"This article, published by the Kansas State Historical Society, provides information on the many downfalls of vinyl siding as a replacement for historic siding materials.",,,English,Substitute Materials
Planning and Development,General,What Replacement Windows Can’t Replace,,,,,Publication,PDF,National Alliance of Preservation Commissions,http://napcommissions.org/wp-content/uploads/2013/08/what-replacement-windows-cant-replace.pdf,,,,The Alliance Review,,,,,,,,,United States,The Real Cost of Removing Historic Windows,,,English,Substitute Materials
Public Policy,General,Establishing a Demolition by Neglect Ordinance,,,,,Publication,PDF,National Alliance of Preservation Commissions,http://napcommissions.org/wp-content/uploads/Demo-by-Neglect_TAR_Establishing-an-Ordinace_Becker_FebMar-1999.pdf,,,,The Alliance Review,,,,,,,,,United States,This article covers the fundamental legal principles and key components of a demolition by neglect ordinance.,,,English,Demolition by Neglect